{
  "formLive" : {
    "2" : {
      "colNames" : "C1!C2!C3",
      "due" : "20/02/19",
      "formTableDetails" : {
        "1,1" : "2",
        "1,2" : "2",
        "1,3" : "2",
        "2,1" : "2",
        "2,2" : "2",
        "2,3" : "2",
        "3,1" : "2",
        "3,2" : "2",
        "3,3" : "2"
      },
      "maxInCol" : "3",
      "maxInRow" : "3",
      "name" : "unit test 1",
      "rowNames" : "R1!R2!R3",
      "totalCols" : "3",
      "totalRows" : "3",
      "totalSelection" : "5"
    }
  },
  "formPast" : [ null, {
    "colNames" : "C1",
    "due" : "15/11/18",
    "formTableDetails" : {
      "1,1" : "free"
    },
    "name" : "sem 5",
    "rowNames" : "R1!R2!R3!R4!R5!R6!R7!R8!R9",
    "totalCols" : "1",
    "totalRows" : "9",
    "totalSelectionAssistant" : "4",
    "totalSelectionAssociate" : "3",
    "totalSelectionLabAssistant" : "5",
    "totalSelectionProfessor" : "2"
  } ],
  "globalData" : {
    "totalForms" : "2",
    "totalMembers" : "4",
    "totalMembersForApproval" : "2"
  },
  "membersForApproval" : {
    "AAL" : {
      "authority" : "user",
      "code" : "AAL",
      "email" : "AAL_email",
      "mobile" : "+919999999997",
      "name" : "AAL_name"
    },
    "TUI" : {
      "authority" : "user",
      "code" : "TUI",
      "email" : "TUI_email",
      "mobile" : "NA",
      "name" : "TUI_name"
    }
  },
  "membersList" : {
    "AES" : {
      "authority" : "user",
      "code" : "AES",
      "email" : "AES_email",
      "mobile" : "+919999999999",
      "name" : "AES_name"
    },
    "GAN" : {
      "authority" : "admin",
      "code" : "GAN",
      "email" : "tp92ganeshpatra@gmail.com",
      "mobile" : "+919619758732",
      "name" : "Ganesh"
    },
    "SHA" : {
      "authority" : "user",
      "code" : "SHA",
      "email" : "SHA_email",
      "mobile" : "NA",
      "name" : "SHA_name"
    },
    "SSL" : {
      "authority" : "user",
      "code" : "SSL",
      "email" : "SSL_email",
      "mobile" : "+919999999998",
      "name" : "SSL_name"
    }
  }
}
